name,mass,mass err,radius,radius err,omega,omega err,CHZ
Kepler-186 f,1.71,0.066774469,1.17,0.08,0.007676832,7.38E-08,1
LHS 1140 b,6.65,1.82,1.43,0.1,5.253000349,5.31E-05,1
GJ 667 C c,3.8,1.35,1.5,0.45,0.879073205,0.001843117,1
GJ 667 C f,2.7,1.3,1.45,0.056621626,2.5,1.5,1
GJ 667 C e,2.7,1.5,1.45,0.056621626,0.627024422,0.005540865,1
Proxima Cen b,1.27,0.18,1.08,0.042173349,5.56409798,0.000746124,1
Kepler-442 b,2.36,0.092156577,1.34,0.145,0.099603492,2.31E-06,1
Kepler-1229 b,2.54,0.099185469,1.4,0.12,1.293407896,1.59E-05,1
Kepler-1652 b,3.19,0.124567577,1.6,0.18,2.279142389,1.26E-05,1
TRAPPIST-1 g,1.34,0.88,1.127,0.041,2.5,1.5,1
TRAPPIST-1 e,0.62,0.58,0.918,0.039,2.5,1.5,1
TRAPPIST-1 f,0.68,0.18,1.045,0.038,0.662519863,1.08E-06,1
Kepler-62 f,2.8,4.5,1.41,0.07,0.034444444,6.44E-07,1
Kepler-452 b,3.29,0.128472517,1.63,0.215,2.5,1.5,1
K2-3 d,7.5,3,1.51,0.23,8.636545516,0.001143533,1
K2-9 b,5.69,0.22219107,2.25,0.3725,2.415193119,0.000196359,1
tau Cet e,3.93,0.735,1.6,0.45,0.113279303,0.00053555,1
Kepler-296 e,2.96,0.115586216,1.53,0.26,4.770355435,3.49E-05,1
GJ 3323 b,2.02,0.255,1.23,0.048030759,6.365521292,0.00083076,1
TRAPPIST-1 d,0.41,0.27,0.772,0.03,1.324473221,2.06E-05,1
Ross 128 b,1.4,0.21,1.11,0.043344831,0.410469501,0.000291237,1
GJ 273 b,2.89,0.265,1.4,0.4,2.5,1.5,1
Wolf 1061 c,3.41,0.42,1.5,0.4,1.04352643,0.000344496,1
Kepler-438 b,1.46,0.05701212,1.12,0.165,0.507246151,3.89E-06,1
Kepler-62 e,4.5,8.4,1.6,0.05,0.287882494,1.88E-06,1
K2-72 e,2.21,0.086299168,1.29,0.135,5.065941004,0.000794316,1
Kepler-296 f,3.89,0.151902155,1.8,0.305,0.381438124,3.67E-06,1
Kepler-445 d,2.1,0.082003734,1.25,0.19,7.768700132,0.000381157,0
TRAPPIST-1 h,0.35,0.013667289,0.752,0.0315,2.5,1.5,0
GJ 3323 c,2.31,0.495,1.32,0.051545204,2.5,1.5,0
LHS 1140 c,1.81,0.39,1.282,0.024,2.5,1.5,0
K2-65 b,3.12,0.121834119,1.58,0.38,0.298709705,3.07E-05,0
K2-80 c,2.76,0.107776336,1.47,0.23,2.25646744,0.000442839,0
K2-147 b,2.48,0.096842505,1.38,0.16,5.826906064,0.000157498,0
Kepler-1340 b,3.02,0.117929179,1.55,0.485,1.446433176,3.48E-06,0
Kepler-1075 b,2.6,0.101528433,1.42,0.245,2.5,1.5,0
Kepler-757 b,2.42,0.094499541,1.36,0.34,2.5,1.5,0
Kepler-256 b,3.15,0.123005601,1.59,0.39,0.631091168,3.51E-06,0
K2-50 b,3.15,0.123005601,1.59,0.24,0.18513784,2.75E-05,0
K2-68 b,3.12,0.121834119,1.58,0.23,1.086738976,0.00011064,0
Kepler-228 b,2.96,0.115586216,1.53,0.71,3.138178704,3.18E-05,0
Kepler-280 b,2.7,0.105433372,1.45,0.7,1.199577293,3.36E-06,0
Kepler-194 b,2.89,0.112852758,1.51,0.79,2.5,1.5,0
Kepler-1039 b,2.73,0.106604854,1.46,0.155,2.238010772,2.08E-06,0
Kepler-1323 b,2.92,0.11402424,1.52,0.285,1.005352752,8.11E-07,0
K2-128 b,2.6,0.101528433,1.42,0.145,0.163836563,1.19E-05,0
Kepler-337 b,2.99,0.116757698,1.54,0.43,1.723715911,9.95E-06,0
Kepler-366 b,2.73,0.106604854,1.46,0.66,1.003297421,6.73E-06,0
Kepler-207 b,3.09,0.120662637,1.57,0.3,2.036125234,7.58E-06,0
Kepler-389 b,2.89,0.112852758,1.51,0.77,0.496859382,4.59E-06,0
Kepler-990 c,2.96,0.115586216,1.53,0.27,6.025970146,7.50E-06,0
Kepler-446 b,2.86,0.111681276,1.5,0.25,0.343906487,7.25E-07,0
Kepler-994 b,3.19,0.124567577,1.6,0.17,1.359845849,6.73E-07,0
Kepler-370 b,3.15,0.123005601,1.59,0.78,0.251372195,2.25E-06,0
Kepler-997 b,2.42,0.094499541,1.36,0.295,1.691544577,3.45E-06,0
Kepler-160 b,2.99,0.116757698,1.54,0.76,0.628228932,2.48E-06,0
Kepler-168 b,2.73,0.106604854,1.46,0.66,0.973795762,7.26E-06,0
Kepler-255 b,3.02,0.117929179,1.55,0.62,0.77440002,7.05E-06,0
Kepler-240 b,2.45,0.095671023,1.37,0.56,1.378842537,8.65E-06,0
Kepler-1571 b,2.92,0.11402424,1.52,0.51,1.224170083,5.77E-06,0
Kepler-273 b,2.86,0.111681276,1.5,0.86,1.152909241,3.53E-06,0
Kepler-286 c,2.45,0.095671023,1.37,0.27,0.84672767,5.62E-06,0
Kepler-207 c,2.86,0.111681276,1.5,0.29,1.129094851,5.88E-06,0
Kepler-1091 b,2.73,0.106604854,1.46,0.275,2.140853158,4.88E-06,0
K2-211 b,2.46,0.096061517,1.375,0.1375,2.142818934,0.000102411,0
Kepler-339 b,2.6,0.101528433,1.42,0.66,0.13451271,5.13E-07,0
Kepler-84 d,2.48,0.096842505,1.38,0.27,1.178272554,1.17E-05,0
Kepler-1592 b,2.99,0.116757698,1.54,0.49,1.381876957,1.06E-05,0
Kepler-1275 b,2.79,0.108947818,1.48,0.46,0.835978935,3.62E-06,0
Kepler-1604 b,2.57,0.100356951,1.41,0.15,5.348830394,4.93E-06,0
Kepler-1072 b,3.12,0.121834119,1.58,0.48,0.435726759,8.05E-07,0
Kepler-176 b,2.63,0.102699915,1.43,0.73,0.28879903,1.28E-06,0
Kepler-237 b,2.57,0.100356951,1.41,0.75,1.152269747,7.33E-06,0
Kepler-187 b,2.57,0.100356951,1.41,0.28,0.95469444,1.12E-05,0
Kepler-394 b,3.19,0.124567577,1.6,0.82,0.61697139,6.94E-06,0
Kepler-164 b,2.57,0.100356951,1.41,0.28,1.589864013,8.53E-06,0
Kepler-373 b,2.42,0.094499541,1.36,0.67,0.909620402,4.77E-06,0
Kepler-1310 b,2.67,0.10426189,1.44,0.14,8.148113452,8.64E-06,0
Kepler-372 b,2.42,0.094499541,1.36,0.59,0.099177637,1.94E-06,0
Kepler-1394 b,2.51,0.098013987,1.39,0.21,1.739531984,1.62E-05,0
Kepler-402 c,3.05,0.119100661,1.56,0.35,2.5,1.5,0
Kepler-1019 b,2.73,0.106604854,1.46,0.105,4.340059134,2.31E-06,0
Kepler-974 b,3.09,0.120662637,1.57,0.175,0.336447973,4.03E-07,0
K2-138 b,3.09,0.120662637,1.57,0.225,1.782449796,0.000272683,0
K2-187 b,2.49,0.097232999,1.383,0.125,3.040410553,0.000200342,0
TRAPPIST-1 b,0.85,0.72,1.086,0.035,0.512274772,2.03E-07,0
Kepler-356 b,3.09,0.120662637,1.57,0.29,0.327546149,1.49E-06,0
Kepler-382 c,3.15,0.123005601,1.59,0.77,0.379249313,3.40E-06,0
Kepler-375 b,2.7,0.105433372,1.45,0.51,1.003032096,1.69E-05,0
Kepler-355 b,2.73,0.106604854,1.46,0.66,1.09917104,3.37E-05,0
Kepler-922 b,2.6,0.101528433,1.42,0.145,11.75522634,1.19E-05,0
Kepler-208 c,2.51,0.098013987,1.39,0.26,0.125688257,1.13E-06,0
Kepler-246 c,2.86,0.111681276,1.5,0.76,0.667427867,4.47E-06,0
Kepler-180 b,2.86,0.111681276,1.5,0.67,0.809659159,9.08E-06,0
Kepler-329 b,2.54,0.099185469,1.4,0.25,1.863050751,1.16E-05,0
Kepler-1259 b,2.63,0.102699915,1.43,0.085,11.18468084,1.47E-05,0
Kepler-348 b,2.92,0.11402424,1.52,0.29,0.093964414,4.13E-07,0
Kepler-402 d,2.48,0.096842505,1.38,0.27,2.5,1.5,0
Kepler-361 b,2.7,0.105433372,1.45,0.28,1.05119626,1.04E-05,0
Kepler-793 b,2.45,0.095671023,1.37,0.22,2.000835362,1.07E-05,0
HD 215152 e,2.877,1.272,1.51,0.05896459,0.16833698,0.000327699,0
Kepler-274 b,2.99,0.116757698,1.54,0.84,2.165634647,2.49E-05,0
Kepler-262 b,2.42,0.094499541,1.36,0.59,0.890813657,1.12E-05,0
Kepler-1181 b,3.09,0.120662637,1.57,0.455,2.669089226,1.38E-05,0
Kepler-825 b,2.96,0.115586216,1.53,0.305,1.296739036,4.27E-06,0
Kepler-932 b,2.45,0.095671023,1.37,0.115,1.963946673,2.17E-06,0
Kepler-445 b,3.12,0.121834119,1.58,0.23,0.643880755,2.37E-06,0
Kepler-1483 b,2.92,0.11402424,1.52,0.48,0.313839838,3.48E-06,0
Kepler-1149 b,2.67,0.10426189,1.44,0.215,2.548585649,1.03E-05,0
Kepler-402 e,2.73,0.106604854,1.46,0.29,0.331846047,1.74E-06,0
Kepler-923 b,2.48,0.096842505,1.38,0.24,1.62148898,8.27E-06,0
Kepler-1557 b,2.96,0.115586216,1.53,0.355,1.85375999,1.07E-05,0
Kepler-389 c,2.73,0.106604854,1.46,0.75,0.257750267,5.42E-06,0
Kepler-377 b,2.51,0.098013987,1.39,0.27,1.160030086,2.38E-05,0
Kepler-55 e,3.02,0.117929179,1.55,0.23,2.709136305,1.23E-05,0
Kepler-1622 b,2.76,0.107776336,1.47,0.475,0.427079906,3.99E-06,0
Kepler-1383 b,2.57,0.100356951,1.41,0.46,0.77730931,8.67E-06,0
K2-200 b,2.43,0.094890035,1.364,0.124,4.880676961,0.000315116,0
Kepler-1205 b,2.57,0.100356951,1.41,0.095,2.642719308,3.92E-06,0
Kepler-1471 b,2.57,0.100356951,1.41,0.17,0.296342988,1.63E-06,0
Kepler-147 b,2.96,0.115586216,1.53,0.31,2.5,1.5,0
Kepler-1586 b,2.92,0.11402424,1.52,0.495,0.80811584,7.07E-06,0
Kepler-1246 b,2.42,0.094499541,1.36,0.21,1.378196044,1.08E-05,0
HD 215152 d,2.801,0.866,1.48,0.057793108,1.042128445,0.000564467,0
K2-219 c,2.66,0.103871396,1.438,0.203,1.62950326,0.000348498,0
Kepler-1528 b,2.73,0.106604854,1.46,0.19,3.722646414,1.60E-05,0
Kepler-334 c,2.63,0.102699915,1.43,0.26,0.140391089,6.05E-07,0
Kepler-758 e,2.96,0.115586216,1.53,0.285,1.557093886,1.97E-05,0
Kepler-320 c,2.45,0.095671023,1.37,0.64,0.456844197,7.16E-06,0
Kepler-1271 b,2.79,0.108947818,1.48,0.195,5.927737862,2.27E-05,0
Kepler-1289 b,2.92,0.11402424,1.52,0.365,0.378663477,2.41E-06,0
Kepler-915 b,2.86,0.111681276,1.5,0.26,1.738928629,5.35E-06,0
Kepler-1439 b,2.73,0.106604854,1.46,0.175,0.56910289,3.37E-06,0
Kepler-200 c,3.15,0.123005601,1.59,0.29,0.78984587,4.10E-06,0
Kepler-1228 b,2.99,0.116757698,1.54,0.125,17.70470311,1.26E-05,0
K2-201 b,2.54,0.099185469,1.4,0.106,0.544796214,2.24E-05,0
Kepler-195 c,3.02,0.117929179,1.55,0.57,0.031081745,3.38E-07,0
Kepler-914 b,2.48,0.096842505,1.38,0.145,7.732301499,2.09E-05,0
Kepler-1315 b,2.48,0.096842505,1.38,0.07,5.228562338,5.08E-06,0
Kepler-1300 b,2.45,0.095671023,1.37,0.305,0.037918512,4.18E-07,0
Kepler-1346 b,3.12,0.121834119,1.58,0.385,6.538552033,2.23E-05,0
Kepler-208 e,2.79,0.108947818,1.48,0.28,0.209210952,2.26E-06,0
Kepler-386 b,2.51,0.098013987,1.39,0.82,1.32078717,2.34E-05,0
Kepler-1493 b,2.57,0.100356951,1.41,0.25,0.819504413,5.86E-06,0
Kepler-311 c,2.63,0.102699915,1.43,0.28,0.761048771,7.90E-06,0
Kepler-400 c,2.83,0.110509794,1.49,0.28,1.138255368,6.56E-06,0
Kepler-364 b,3.02,0.117929179,1.55,0.37,0.673542062,1.43E-05,0
Kepler-386 c,3.12,0.121834119,1.58,0.89,2.5,1.5,0
Kepler-292 c,2.76,0.107776336,1.47,0.15,6.780938462,6.02E-05,0
Kepler-132 d,3.02,0.117929179,1.55,0.3,0.206290613,7.67E-07,0
K2-83 c,2.8,0.109338312,1.483,0.099,1.801439635,0.000145951,0
K2-213 b,2.9,0.113243252,1.514,0.254,1.229594127,0.000269937,0
Kepler-1290 b,2.6,0.101528433,1.42,0.17,1.731814202,1.55E-05,0
Kepler-111 b,3.12,0.121834119,1.58,0.2,1.404925569,2.52E-06,0
Kepler-1216 b,2.51,0.098013987,1.39,0.165,0.764656961,3.49E-06,0
Kepler-362 c,2.7,0.105433372,1.45,0.61,0.115415225,9.08E-07,0
Kepler-1145 b,2.54,0.099185469,1.4,0.11,9.536262064,2.67E-05,0
K2-228 b,2.49,0.097232999,1.384,0.094,1.471544156,7.20E-05,0
Kepler-154 f,2.86,0.111681276,1.5,0.275,0.27203054,2.14E-06,0
Kepler-770 d,2.54,0.099185469,1.4,0.15,2.388797814,9.69E-06,0
Kepler-1256 b,2.83,0.110509794,1.49,0.33,0.334530118,2.91E-06,0
Kepler-886 b,2.92,0.11402424,1.52,0.305,1.988760338,6.86E-06,0
Kepler-1431 b,2.76,0.107776336,1.47,0.29,1.064003995,8.57E-06,0
Kepler-399 c,2.63,0.102699915,1.43,0.77,0.219901163,1.41E-06,0
Kepler-123 c,2.79,0.108947818,1.48,0.3,0.999273874,1.75E-05,0
Kepler-403 d,2.6,0.101528433,1.42,0.245,1.961201555,1.19E-05,0
Kepler-334 d,2.57,0.100356951,1.41,0.26,0.5423271,3.07E-06,0
Kepler-1366 b,2.63,0.102699915,1.43,0.1,11.59513379,3.66E-05,0
Kepler-224 b,2.51,0.098013987,1.39,0.09,0.690910782,3.09E-06,0
Kepler-1614 b,2.83,0.110509794,1.49,0.135,0.793825776,6.08E-06,0
Kepler-1303 b,2.6,0.101528433,1.42,0.245,0.521951065,2.84E-06,0
Kepler-1355 b,2.73,0.106604854,1.46,0.11,2.5,1.5,0
Kepler-1220 b,2.92,0.11402424,1.52,0.26,0.173636593,9.79E-07,0
Kepler-1501 b,3.05,0.119100661,1.56,0.465,0.51021614,3.93E-06,0
GJ 3998 b,2.47,0.27,1.38,0.053888168,5.493478038,0.001637821,0
Kepler-186 d,2.54,0.099185469,1.4,0.16,0.198588833,3.65E-07,0
Kepler-1437 b,2.45,0.095671023,1.37,0.15,1.220818859,1.31E-05,0
K2-170 b,2.6,0.101528433,1.418,0.1665,1.442550337,0.000336146,0
K2-203 b,2.45,0.095671023,1.371,0.198,0.781481699,0.000105553,0
Kepler-784 b,3.12,0.121834119,1.58,0.33,0.306882116,6.61E-06,0
Kepler-1433 b,3.05,0.119100661,1.56,0.315,7.638504589,5.33E-05,0
Kepler-205 b,2.89,0.112852758,1.51,0.14,1.500893698,1.09E-06,0
Kepler-295 d,2.42,0.094499541,1.36,0.72,2.5,1.5,0
Kepler-1120 b,2.48,0.096842505,1.38,0.08,11.48990174,2.91E-05,0
Kepler-828 b,2.89,0.112852758,1.51,0.095,5.193258731,4.02E-06,0
K2-133 c,2.79,0.108947818,1.48,0.09,0.116646222,4.79E-06,0
Kepler-1063 b,2.83,0.110509794,1.49,0.295,0.345759848,7.05E-07,0
Kepler-1582 b,2.83,0.110509794,1.49,0.155,2.910127991,5.32E-05,0
K2-190 b,2.41,0.094109047,1.357,0.139,0.479081607,2.99E-05,0
Kepler-504 b,3.15,0.123005601,1.59,0.2,1.057552281,5.53E-07,0
Kepler-1005 b,2.86,0.111681276,1.5,0.18,1.469568022,2.99E-06,0
Kepler-1165 b,3.02,0.117929179,1.55,0.345,0.685551529,4.27E-06,0
Kepler-1142 b,2.76,0.107776336,1.47,0.305,0.517874912,3.93E-06,0
Kepler-808 b,2.73,0.106604854,1.46,0.07,28.99063354,1.61E-05,0
Kepler-218 b,2.79,0.108947818,1.48,0.12,0.174433149,5.30E-07,0
Kepler-901 b,2.45,0.095671023,1.37,0.065,1.028953169,1.03E-06,0
Kepler-114 c,2.8,0.6,1.6,0.18,0.437444894,0.017181283,0
Kepler-80 e,4.13,0.88,1.6,0.075,1.731149715,7.27E-05,0
Kepler-1231 b,2.6,0.101528433,1.42,0.21,0.445884392,2.81E-06,0
Kepler-1245 b,2.67,0.10426189,1.44,0.11,2.392519348,1.06E-05,0
Kepler-1523 b,3.12,0.121834119,1.58,0.21,4.638177863,5.73E-06,0
Kepler-1108 b,2.73,0.106604854,1.46,0.125,0.208146077,6.14E-07,0
Kepler-1274 b,2.6,0.101528433,1.42,0.1,0.645998714,6.21E-06,0
Kepler-605 b,2.67,0.10426189,1.44,0.13,2.063380664,3.12E-06,0
Kepler-1226 b,2.7,0.105433372,1.45,0.205,0.195666812,1.34E-06,0
K2-233 b,2.54,0.099185469,1.398,0.061,7.008156282,0.000397632,0
K2-226 b,2.82,0.1101193,1.487,0.146,0.754319793,8.49E-05,0
Kepler-141 c,2.57,0.100356951,1.41,0.09,0.466593901,1.33E-06,0
Kepler-1065 c,3.19,0.124567577,1.6,0.205,2.957677941,2.11E-05,0
Kepler-190 c,2.73,0.106604854,1.46,0.1,0.629894316,1.51E-06,0
Kepler-1492 b,2.83,0.110509794,1.49,0.22,0.224623952,8.66E-07,0
Kepler-1380 b,2.63,0.102699915,1.43,0.185,1.624753682,1.64E-05,0
Kepler-876 b,2.63,0.102699915,1.43,0.095,2.004289007,9.61E-06,0
Kepler-154 e,2.86,0.111681276,1.5,0.13,1.308082372,4.07E-06,0
Kepler-1050 c,2.79,0.108947818,1.48,0.255,0.186135915,9.87E-07,0
Kepler-1218 b,2.67,0.10426189,1.44,0.145,0.92174942,9.40E-06,0
Kepler-1245 c,2.67,0.10426189,1.44,0.105,7.805709386,2.23E-05,0
Kepler-1209 b,2.89,0.112852758,1.51,0.25,0.115754316,5.70E-07,0
Kepler-353 c,2.48,0.096842505,1.38,0.07,3.016221106,1.40E-05,0
Kepler-1301 b,2.54,0.099185469,1.4,0.105,0.926068149,4.42E-06,0
Kepler-1485 b,2.76,0.107776336,1.47,0.19,0.456039075,2.94E-06,0
Kepler-1257 b,2.92,0.11402424,1.52,0.15,7.463804594,2.76E-05,0
Kepler-137 b,2.76,0.107776336,1.47,0.11,0.316286315,6.75E-07,0
Kepler-1302 b,2.63,0.102699915,1.43,0.12,0.954425923,6.33E-06,0
Kepler-157 d,2.73,0.106604854,1.46,0.13,1.258121309,4.28E-06,0
Kepler-1564 b,2.76,0.107776336,1.47,0.16,0.389150322,4.14E-06,0
K2-162 b,2.81,0.109728806,1.486,0.1435,1.908915316,0.000281864,0
Kepler-1426 b,3.05,0.119100661,1.56,0.25,0.663407191,9.03E-06,0
Kepler-1335 b,2.7,0.105433372,1.45,0.095,2.275888712,9.83E-06,0
Kepler-936 b,2.7,0.105433372,1.45,0.15,0.593112915,2.55E-06,0
Kepler-975 b,2.79,0.108947818,1.48,0.075,5.36015562,6.42E-06,0
Kepler-773 b,2.63,0.102699915,1.43,0.08,0.52555078,1.00E-06,0
Kepler-176 e,2.7,0.105433372,1.45,0.135,0.073273569,9.21E-07,0
Kepler-1491 b,2.89,0.112852758,1.51,0.245,3.084845439,4.12E-05,0
Kepler-1088 b,2.6,0.101528433,1.42,0.105,0.717162941,2.77E-06,0
Kepler-1198 b,2.76,0.107776336,1.47,0.14,3.009521641,1.27E-05,0
Kepler-760 c,2.79,0.108947818,1.48,0.105,3.115059334,8.31E-06,0
Kepler-909 b,2.76,0.107776336,1.47,0.135,0.177061045,5.67E-07,0
Kepler-1332 b,2.45,0.095671023,1.37,0.07,1.173339763,3.70E-06,0
Kepler-32 e,2.86,0.111681276,1.5,0.1,4.100334365,0.000424758,0
Kepler-1466 b,3.02,0.117929179,1.55,0.22,0.092894814,6.43E-07,0
Kepler-1050 b,3.19,0.124567577,1.6,0.33,2.027150157,9.12E-06,0
Kepler-1174 b,3.15,0.123005601,1.59,0.235,2.231310475,8.62E-06,0
Kepler-309 b,3.05,0.119100661,1.56,0.14,1.163513837,5.50E-06,0
Kepler-1007 b,2.67,0.10426189,1.44,0.07,1.142459139,2.05E-06,0
Kepler-1191 b,2.89,0.112852758,1.51,0.12,0.925868673,3.16E-06,0
Kepler-823 b,3.09,0.120662637,1.57,0.225,1.343576412,5.63E-06,0
Kepler-1459 b,2.42,0.094499541,1.36,0.09,0.06629786,1.01E-06,0
Kepler-1633 b,3.12,0.121834119,1.58,0.45,0.337273179,1.06E-05,0
Kepler-1131 b,3.15,0.123005601,1.59,0.255,52.77099302,0.000189133,0
Kepler-629 b,2.48,0.096842505,1.38,0.05,0.487985469,7.95E-07,0
Kepler-138 b,0.066,0.048,0.522,0.032,0.701916626,3.40E-05,0
Kepler-1006 b,2.99,0.116757698,1.54,0.205,0.521847278,1.76E-06,0
Kepler-905 b,2.57,0.100356951,1.41,0.05,3.888000384,6.40E-06,0
Kepler-1287 b,2.99,0.116757698,1.54,0.175,0.442869123,2.50E-06,0
K2-176 b,2.83,0.110509794,1.491,0.108,2.153483526,0.000266486,0
Kepler-369 c,2.57,0.100356951,1.41,0.06,0.3583642,2.00E-06,0
Kepler-777 b,2.76,0.107776336,1.47,0.08,2.596236889,9.15E-06,0
Kepler-898 b,2.83,0.110509794,1.49,0.195,0.975727754,3.44E-06,0
Kepler-127 b,2.54,0.099185469,1.4,0.05,0.406668346,1.77E-06,0
GJ 1132 c,2.64,0.44,1.43,0.055840638,1.616741964,0.001810664,0
Kepler-1295 b,3.02,0.117929179,1.55,0.16,2.341283736,1.40E-05,0
K2-136 d,2.7,0.105433372,1.45,0.095,0.149118672,1.39E-05,0
Kepler-249 d,3.09,0.120662637,1.57,0.14,1.664126833,7.58E-06,0
Kepler-598 b,2.86,0.111681276,1.5,0.105,4.151669138,1.09E-05,0
Kepler-537 b,2.57,0.100356951,1.41,0.05,1.139858764,1.85E-06,0
Kepler-1356 b,2.96,0.115586216,1.53,0.105,5.122303092,9.70E-06,0
K2-189 b,2.9,0.113243252,1.512,0.124,0.122481877,9.88E-06,0
K2-191 b,3.12,0.121834119,1.579,0.1985,1.810752363,0.000110217,0
Kepler-85 e,0.6,0.45,1.27,0.2,0.113362978,3.23E-06,0
Kepler-306 b,2.92,0.11402424,1.52,0.1,5.427408847,2.92E-05,0
Kepler-1254 b,3.02,0.117929179,1.55,0.105,0.465030937,2.61E-06,0
Kepler-126 b,2.92,0.11402424,1.52,0.1,0.951925327,2.54E-06,0
Kepler-174 c,2.83,0.110509794,1.49,0.09,0.238536019,1.44E-06,0
Kepler-138 d,0.64,0.5305,1.212,0.075,1.905766564,7.02E-05,0
Kepler-1324 b,2.89,0.112852758,1.51,0.085,5.609565422,1.17E-05,0
Kepler-93 b,3.1783,0.124110699,1.569,0.112,0.870757579,1.84E-07,0
Kepler-249 c,2.89,0.112852758,1.51,0.09,0.664455722,1.68E-06,0
Kepler-1282 b,3.02,0.117929179,1.55,0.16,3.336716924,1.08E-05,0
Kepler-1194 b,2.89,0.112852758,1.51,0.105,0.131409283,7.18E-07,0
Kepler-126 c,3.12,0.121834119,1.58,0.13,0.7418338,2.78E-06,0
Kepler-1069 b,3.19,0.124567577,1.6,0.225,0.91508908,5.73E-06,0
Kepler-236 b,3.09,0.120662637,1.57,0.12,2.880924576,1.11E-05,0
Kepler-78 b,3.1783,0.124110699,1.121,0.112,23.36726008,0.917783027,0
Kepler-407 b,3.2,0.124958071,1.07,0.02,0.530411917,0.020832697,0
K2-141 b,5.08,0.41,1.51,0.05,2.387626621,1.28E-05,0
K2-229 b,2.59,0.43,1.164,0.057,0.479802961,1.15E-05,0
Kepler-406 b,6.35,1.4,1.43,0.03,0.240799327,0.009457743,0
Kepler-114 b,6.8,3.95,1.26,0.13,0.467623993,1.08E-06,0
Kepler-408 b,5,0.195246986,0.82,0.03,2.104870954,0.082671859,0
Kepler-339 c,7.3,7,1.15,0.52,0.352747653,2.68E-06,0
Kepler-100 b,7.34,3.2,1.32,0.04,1.014665931,0.039852476,0
Kepler-80 d,6.75,0.6,1.53,0.08,2.241717716,3.65E-05,0
Kepler-326 d,6.9,7.2,1.21,0.09,0.45400781,1.54E-06,0
Kepler-10 b,4.60853,1.36667,1.481,0.039,2.5,1.5,0
Kepler-99 b,6.15,1.3,1.48,0.08,0.181921678,0.007145238,0
Kepler-68 c,7.2,0.28115566,1,0.02,0.479287957,0.01882473,0
GJ 9827 c,2.42,0.62,1.269,0.088,2.632900622,4.26E-05,0
Kepler-106 b,5.3,0.206961805,0.82,0.11,0.591754395,0.023242012,0
Kepler-197 c,5.3,3.1,1.23,0.04,0.5956562,2.59E-06,0
Kepler-406 c,2.71,1.8,0.85,0.03,2.238585043,0.087923674,0
Kepler-105 c,4.6,0.885,1.31,0.07,0.64877775,1.82E-05,0
Kepler-20 e,3.08,0.120272143,0.865,0.027,2.5,1.5,0
Kepler-101 c,3.78,0.147606721,1.25,0.18,2.5,1.5,0
HD 219134 f,7.3,0.4,1.31,0.02,0.265429414,0.000175263,0
K2-88 b,2.04,0.07966077,1.23,0.25,2.5,1.5,0
GJ 3138 b,1.78,0.335,1.18,0.046078289,2.5,1.5,0
Kepler-102 d,3.8,1.8,1.18,0.04,2.5,1.5,0
HD 215152 b,1.819,0.565,1.19,0.046468783,2.5,1.5,0
HD 215152 c,1.72,0.6715,1.17,0.045687795,2.5,1.5,0
KOI-351 c,1.81,0.070679409,1.19,0.14,2.5,1.5,0
K2-239 b,1.4,0.4,1.1,0.1,2.5,1.5,0
Wolf 1061 b,1.91,0.255,1.21,0.047249771,2.5,1.5,0
K2-72 c,1.65,0.064431505,1.16,0.13,2.5,1.5,0
K2-83 b,2.08,0.081222746,1.244,0.098,2.5,1.5,0
K2-54 b,1.6,0.062479035,1.15,0.19,2.5,1.5,0
KOI-55 c,0.655,0.025577355,0.867,0.033855827,28.53505674,0.00108186,0
K2-130 b,2.1,0.082003734,1.25,0.17,2.5,1.5,0
K2-91 b,1.37,0.053497674,1.1,0.18,2.5,1.5,0
K2-157 b,1.18,0.046078289,1.055,0.1225,2.5,1.5,0
KOI-55 b,0.44,0.017181735,0.759,0.029638492,2.5,1.5,0
Kepler-1649 b,1.28,0.049983228,1.08,0.15,0.027632813,7.63E-08,0
K2-72 b,1.28,0.049983228,1.08,0.11,2.5,1.5,0
K2-129 b,1.12,0.043735325,1.04,0.095,2.5,1.5,0
Kepler-1284 b,1.92,0.074974843,1.21,0.085,2.5,1.5,0
K2-72 d,1.01,0.039439891,1.01,0.12,0.085574559,1.65E-05,0
K2-85 b,1.01,0.039439891,1.01,0.12,11.33645566,0.000298095,0
GJ 273 c,1.18,0.16,1.06,0.041392361,0.144923784,1.23E-05,0
Kepler-102 f,5.2,0.203056865,0.88,0.03,0.172050296,0.006757525,0
Kepler-102 c,3,0.117148191,0.58,0.02,3.882331979,0.152484219,0
Kepler-1139 b,1.81,0.070679409,1.19,0.125,8.69615028,1.34E-05,0
Kepler-1203 b,1.2,0.046859277,1.06,0.05,2.5,1.5,0
Kepler-1377 b,2.1,0.082003734,1.25,0.085,0.793599954,1.98E-06,0
K2-156 b,1.57,0.061307554,1.144,0.0915,0.911184076,5.55E-05,0
K2-239 d,1.3,0.4,1.1,0.1,2.5,1.5,0
Kepler-80 f,1.92,0.074974843,1.21,0.055,10.25043593,6.23E-07,0
Kepler-1264 b,1.76,0.068726939,1.18,0.17,1.018854713,2.45E-06,0
K2-122 b,2.18,0.085127686,1.28,0.08,0.436389942,1.38E-05,0
Kepler-775 b,1.81,0.070679409,1.19,0.04,2.276618868,1.87E-06,0
Kepler-102 b,4.3,0.167912408,0.47,0.02,0.184391206,0.007242232,0
TRAPPIST-1 c,1.38,0.61,1.056,0.035,2.18304944,1.53E-06,0
Kepler-763 b,1.98,0.077317806,1.22,0.085,2.024002459,6.02E-06,0
Kepler-1331 b,1.16,0.045297301,1.05,0.085,1.516231256,2.32E-06,0
Kepler-1409 b,1.12,0.043735325,1.04,0.075,1.031766027,3.24E-06,0
Kepler-929 b,1.41,0.05505965,1.11,0.21,0.830443257,2.84E-06,0
Kepler-1427 b,1.37,0.053497674,1.1,0.18,0.950524658,6.64E-06,0
Kepler-908 b,1.98,0.077317806,1.22,0.09,0.722791443,1.05E-06,0
K2-223 b,0.692,0.027022183,0.91,0.0865,2.651655498,0.000191438,0
Kepler-1589 b,1.32,0.051545204,1.09,0.305,0.509819205,4.03E-06,0
Kepler-1561 b,1.32,0.051545204,1.09,0.22,0.986528407,5.01E-06,0
Kepler-770 c,1.87,0.073022373,1.2,0.145,0.681347393,1.94E-06,0
Kepler-304 e,1.87,0.073022373,1.2,0.045,0.984107869,1.84E-06,0
Kepler-1373 b,1.65,0.064431505,1.16,0.365,1.161019925,5.81E-06,0
Kepler-1531 b,1.41,0.05505965,1.11,0.33,1.1341094,2.58E-06,0
Kepler-1537 b,1.76,0.068726939,1.18,0.075,0.788217235,1.27E-06,0
Kepler-62 c,4,0.156197589,0.54,0.03,0.116097784,9.33E-07,0
Kepler-756 b,1.46,0.05701212,1.12,0.095,10.15759826,3.18E-05,0
Kepler-1565 b,1.81,0.070679409,1.19,0.1,0.796304463,3.55E-06,0
Kepler-1200 b,1.2,0.046859277,1.06,0.07,1.375163225,3.84E-06,0
Kepler-185 b,1.71,0.066774469,1.17,0.67,0.685008096,2.10E-06,0
GJ 1132 b,1.66,0.23,1.16,0.11,1.002436567,1.66E-05,0
Kepler-732 c,2.15,0.083956204,1.27,0.085,1.824026626,9.40E-07,0
Kepler-1547 b,0.666,0.026006899,0.9,0.2,2.5,1.5,0
Kepler-780 b,0.64,0.024991614,0.89,0.075,2.5,1.5,0
Kepler-607 b,0.59,0.023039144,0.87,0.065,1.061445035,2.79E-06,0
K2-90 c,2.24,0.08747065,1.3,0.12,0.220002717,2.46E-05,0
K2-239 c,0.9,0.3,1,0.1,0.373081158,4.80E-05,0
Kepler-1082 b,1.46,0.05701212,1.12,0.155,5.038210697,1.48E-05,0
Kepler-286 b,2.07,0.080832252,1.24,0.25,0.859101977,4.30E-06,0
Kepler-1399 b,2.1,0.082003734,1.25,0.165,1.096206417,5.99E-06,0
Kepler-1173 b,0.64,0.024991614,0.89,0.15,2.128525553,3.32E-06,0
K2-210 b,0.474,0.018509414,0.819,0.085,1.350068481,6.63E-05,0
Kepler-1055 b,2.04,0.07966077,1.23,0.065,0.248463616,3.76E-07,0
Kepler-1415 b,2.21,0.086299168,1.29,0.1,3.606142983,9.07E-06,0
Kepler-1146 b,2.04,0.07966077,1.23,0.09,0.270557894,9.49E-07,0
Kepler-1566 b,0.418,0.016322648,0.79,0.065,4.356731623,1.09E-05,0
Kepler-1338 b,0.721,0.028154615,0.92,0.145,0.577376551,1.70E-06,0
Kepler-1578 b,1.12,0.043735325,1.04,0.11,0.644514782,3.09E-06,0
Kepler-787 b,2.18,0.085127686,1.28,0.065,1.562932779,3.70E-06,0
Kepler-1311 c,1.98,0.077317806,1.22,0.26,0.366091401,1.47E-06,0
Kepler-42 c,0.315,0.01230056,0.73,0.2,5.594126734,1.20E-05,0
Kepler-847 b,1.76,0.068726939,1.18,0.07,0.1934444,6.25E-07,0
Kepler-1446 b,0.477,0.018626562,0.82,0.03,3.3961466,2.46E-06,0
Kepler-345 c,2.2,0.9,1.2,0.07,0.073499142,2.19E-07,0
HD 219134 c,4.36,0.22,1.511,0.047,1.387732424,6.77E-05,0
Kepler-36 b,4.45,0.3,1.486,0.035,0.488774116,2.51E-05,0
Kepler-1197 b,2.1,0.082003734,1.25,0.06,6.809902257,1.26E-05,0
Kepler-1430 b,1.76,0.068726939,1.18,0.085,2.5,1.5,0
Kepler-1573 b,1.87,0.073022373,1.2,0.17,0.940649852,5.39E-06,0
Kepler-1372 b,2.15,0.083956204,1.27,0.285,1.994391591,8.42E-06,0
K2-116 b,0.257,0.010035695,0.69,0.04,0.281727128,2.90E-05,0
Kepler-32 f,0.477,0.018626562,0.82,0.07,6.266031819,0.000590371,0
Kepler-1084 b,1.41,0.05505965,1.11,0.19,2.5,1.5,0
Kepler-1037 b,2.18,0.085127686,1.28,0.08,2.5,1.5,0
K2-188 b,2.12,0.082784722,1.259,0.1385,0.610326475,9.03E-05,0
K2-133 b,2.27,0.088642132,1.31,0.08,0.567525072,1.85E-05,0
KOI-351 b,2.27,0.088642132,1.31,0.17,0.438232567,1.19E-06,0
Kepler-1579 b,0.52,0.020305687,0.84,0.055,8.245777081,2.84E-05,0
Kepler-322 b,1.01,0.039439891,1.01,0.11,0.513884791,1.86E-06,0
Kepler-1035 b,1.71,0.066774469,1.17,0.195,0.609373892,8.33E-07,0
Kepler-1067 b,0.437,0.017064587,0.8,0.09,3.56117747,1.28E-05,0
Kepler-1258 b,0.566,0.022101959,0.86,0.105,0.77378229,2.50E-06,0
Kepler-1096 b,2.07,0.080832252,1.24,0.225,0.340548443,7.06E-07,0
Kepler-374 b,1.08,0.042173349,1.03,0.54,1.523979537,8.83E-06,0
Kepler-743 b,1.92,0.074974843,1.21,0.04,0.5969327,4.73E-07,0
Kepler-969 c,0.937,0.036589285,0.99,0.035,1.88911852,3.29E-06,0
Kepler-1650 b,0.84,0.032801494,0.96,0.105,1.094107705,1.10E-06,0
Kepler-369 b,1.51,0.05896459,1.13,0.06,0.562867673,1.85E-06,0
Kepler-1414 b,2.04,0.07966077,1.23,0.085,0.777286718,2.62E-06,0
Kepler-316 b,1.2,0.046859277,1.06,0.11,1.569181253,4.20E-06,0
Kepler-327 b,1.41,0.05505965,1.11,0.05,0.878777051,2.07E-06,0
Kepler-115 b,1.32,0.051545204,1.09,0.21,1.060696957,5.30E-06,0
Kepler-1297 b,0.871,0.034012025,0.97,0.125,1.429153495,8.77E-06,0
Kepler-1288 b,1.46,0.05701212,1.12,0.315,0.609110269,3.26E-06,0
GJ 581 e,1.7,0.2,1.17,0.045687795,0.876857482,5.57E-05,0
Kepler-336 b,1.04,0.040611373,1.02,0.19,1.555197664,1.31E-05,0
Kepler-1031 b,0.59,0.023039144,0.87,0.16,1.651275811,6.07E-06,0
Kepler-882 b,2.04,0.07966077,1.23,0.12,0.307358097,7.52E-07,0
Kepler-1363 b,2.1,0.082003734,1.25,0.085,1.356091013,5.40E-06,0
Kepler-1367 b,0.721,0.028154615,0.92,0.075,1.868978543,6.22E-06,0
Kepler-169 b,1.51,0.05896459,1.13,0.08,0.484243238,1.94E-06,0
Kepler-402 b,1.98,0.077317806,1.22,0.24,0.806855276,3.81E-06,0
Kepler-653 c,0.399,0.015580709,0.78,0.125,4.474518259,1.80E-05,0
Kepler-524 c,0.84,0.032801494,0.96,0.075,2.5,1.5,0
Kepler-446 c,1.41,0.05505965,1.11,0.18,0.622156684,1.13E-06,0
Kepler-1594 b,1.2,0.046859277,1.06,0.19,1.117870552,5.58E-06,0
K2-89 b,0.17,0.006638398,0.615,0.08,2.478078157,0.000146963,0
Kepler-380 b,1.81,0.070679409,1.19,0.24,0.278828774,2.70E-06,0
Kepler-1379 b,2.24,0.08747065,1.3,0.105,4.45751596,1.58E-05,0
Kepler-363 b,1.65,0.064431505,1.16,0.19,0.243968615,3.58E-06,0
Kepler-1646 b,2.04,0.07966077,1.23,0.26,0.805818849,1.89E-06,0
Kepler-1468 c,1.6,0.062479035,1.15,0.19,1.26513767,8.11E-06,0
Kepler-1416 b,0.615,0.024015379,0.88,0.235,2.371354946,1.70E-05,0
Kepler-1595 b,2.04,0.07966077,1.23,0.095,0.327610322,2.33E-06,0
Kepler-1095 b,1.92,0.074974843,1.21,0.16,1.068548736,3.70E-06,0
Kepler-374 c,1.37,0.053497674,1.1,0.57,1.301030158,7.93E-06,0
Kepler-755 c,2.13,0.083175216,1.26,0.05,1.150596998,1.66E-06,0
Kepler-150 b,2.1,0.082003734,1.25,0.19,0.832289585,6.31E-06,0
Kepler-1597 b,1.2,0.046859277,1.06,0.32,1.163416046,1.37E-05,0
YZ Cet b,0.75,0.13,0.93,0.036315939,1.496648545,0.000159642,0
Kepler-1215 b,1.98,0.077317806,1.22,0.15,0.412994259,1.99E-06,0
Kepler-746 b,1.41,0.05505965,1.11,0.11,1.369212398,4.38E-06,0
Kepler-342 e,0.615,0.024015379,0.88,0.07,2.117467704,8.00E-06,0
Kepler-249 b,1.32,0.051545204,1.09,0.05,2.5,1.5,0
Kepler-466 c,2.1,0.082003734,1.25,0.085,2.5,1.5,0
Kepler-1104 b,2.04,0.07966077,1.23,0.12,0.736352504,2.01E-06,0
K2-36 b,2.3,0.089813613,1.32,0.09,3.540747719,0.000124441,0
K2-35 c,2.3,0.089813613,1.32,0.08,0.592783892,4.96E-05,0
Kepler-1053 b,0.904,0.035300655,0.98,0.045,0.994040781,1.05E-06,0
K2-165 b,2.17,0.084737192,1.274,0.121,1.025205882,0.000110357,0
Kepler-1152 b,0.59,0.023039144,0.87,0.055,1.430039634,2.32E-06,0
Kepler-345 b,0.5,0.3,0.74,0.06,0.222073754,1.62E-06,0
Kepler-250 b,1.51,0.05896459,1.13,0.68,1.787683447,1.98E-05,0
Kepler-1443 b,0.871,0.034012025,0.97,0.155,1.715445324,1.02E-05,0
Kepler-1150 b,1.04,0.040611373,1.02,0.06,0.86736993,2.57E-06,0
Kepler-1164 b,1.46,0.05701212,1.12,0.055,0.701174551,1.92E-06,0
Kepler-1553 b,1.6,0.062479035,1.15,0.095,0.937156473,6.14E-06,0
Kepler-26 d,1.24,0.048421252,1.07,0.06,1.197154565,5.07E-06,0
Kepler-1352 b,0.64,0.024991614,0.89,0.18,1.887188644,7.39E-06,0
YZ Cet c,0.98,0.14,1,0.039049397,0.61367113,4.41E-05,0
Kepler-1027 b,0.64,0.024991614,0.89,0.03,1.603979274,2.07E-06,0
Kepler-1438 b,0.779,0.03041948,0.94,0.145,0.82253543,6.04E-06,0
Kepler-42 b,0.399,0.015580709,0.78,0.22,1.910926651,7.24E-06,0
Kepler-303 b,0.64,0.024991614,0.89,0.05,0.626604407,1.29E-06,0
Kepler-889 b,1.32,0.051545204,1.09,0.16,0.517315144,1.89E-06,0
Kepler-884 b,2.04,0.07966077,1.23,0.05,0.657011895,1.57E-06,0
Kepler-324 b,1.55,0.060526566,1.14,0.11,1.299609068,7.41E-06,0
Kepler-1387 b,0.749,0.029247998,0.93,0.07,1.923783159,7.47E-06,0
Kepler-341 b,1.76,0.068726939,1.18,0.62,0.438747835,4.48E-06,0
Kepler-1481 b,2.04,0.07966077,1.23,0.07,0.874342714,3.44E-06,0
Kepler-1263 b,1.55,0.060526566,1.14,0.2,1.305578594,6.10E-06,0
Kepler-1278 b,1.01,0.039439891,1.01,0.215,1.405007343,7.36E-06,0
Kepler-1213 b,1.81,0.070679409,1.19,0.115,0.605517746,3.01E-06,0
Kepler-186 b,1.24,0.048421252,1.07,0.12,1.376411681,2.21E-06,0
Kepler-1559 b,0.299,0.01167577,0.72,0.06,3.999103811,1.56E-05,0
Kepler-826 b,2.1,0.082003734,1.25,0.17,0.216578527,7.98E-07,0
Kepler-1240 b,1.6,0.062479035,1.15,0.15,0.922161378,4.76E-06,0
Kepler-312 b,2.21,0.086299168,1.29,0.25,2.745615738,1.86E-05,0
Kepler-1047 c,0.937,0.036589285,0.99,0.11,0.555795652,3.55E-06,0
Kepler-1525 b,0.693,0.027061232,0.91,0.05,1.319612039,2.88E-06,0
Kepler-132 b,1.92,0.074974843,1.21,0.24,0.39114997,1.39E-06,0
Kepler-252 b,2.04,0.07966077,1.23,0.12,0.926489763,4.31E-06,0
Kepler-169 c,1.92,0.074974843,1.21,0.08,1.076333527,5.04E-06,0
Kepler-211 b,2.13,0.083175216,1.26,0.09,1.49700537,3.62E-06,0
Kepler-181 b,2.15,0.083956204,1.27,0.62,1.318910931,5.46E-06,0
Kepler-1157 b,1.32,0.051545204,1.09,0.12,0.703964357,2.68E-06,0
K2-209 b,0.586,0.022882947,0.869,0.0835,2.142362542,0.000135917,0
Kepler-1117 b,1.41,0.05505965,1.11,0.125,0.434340583,1.69E-06,0
Kepler-625 c,1.16,0.045297301,1.05,0.04,1.150027543,3.60E-06,0
Kepler-1612 b,1.08,0.042173349,1.03,0.145,1.063148847,7.40E-06,0
Kepler-1081 b,1.01,0.039439891,1.01,0.085,1.015824151,2.54E-06,0
Kepler-1029 b,2.13,0.083175216,1.26,0.075,0.87306101,1.76E-06,0
Kepler-225 b,1.87,0.073022373,1.2,0.07,0.655544275,3.99E-06,0
Kepler-1390 b,1.76,0.068726939,1.18,0.19,1.039930496,7.43E-06,0
Kepler-334 b,1.46,0.05701212,1.12,0.21,1.184614047,4.55E-06,0
Kepler-1398 c,1.08,0.042173349,1.03,0.26,1.321883573,8.36E-06,0
Kepler-376 b,1.24,0.048421252,1.07,0.22,0.841078979,1.25E-05,0
Kepler-1049 b,0.809,0.031590962,0.95,0.13,1.503057281,2.44E-06,0
Kepler-1386 b,2.07,0.080832252,1.24,0.255,0.48569657,5.06E-06,0
Kepler-605 c,0.566,0.022101959,0.86,0.085,2.857084494,1.01E-05,0
Kepler-1124 b,2.18,0.085127686,1.28,0.095,0.827020657,8.79E-07,0
Kepler-1087 b,0.165,0.006443151,0.61,0.11,4.110943811,9.42E-06,0
Kepler-1398 b,0.666,0.026006899,0.9,0.2,0.248853598,1.80E-06,0
Kepler-1351 b,0.208,0.008122275,0.65,0.045,3.043371588,6.38E-06,0
Kepler-1577 b,1.51,0.05896459,1.13,0.08,0.145289966,8.45E-07,0
Kepler-1074 b,2.1,0.082003734,1.25,0.165,1.060537738,2.57E-06,0
Kepler-520 c,1.24,0.048421252,1.07,0.06,1.140974232,2.70E-06,0
Kepler-138 c,1.97,1.516,1.197,0.07,0.378124169,2.74E-06,0
Kepler-1603 b,2.21,0.086299168,1.29,0.33,6.066676273,6.24E-05,0
Kepler-1357 b,2.18,0.085127686,1.28,0.155,0.754915025,3.81E-06,0
Kepler-285 c,1.46,0.05701212,1.12,0.49,0.486389202,4.64E-06,0
Kepler-206 b,1.87,0.073022373,1.2,0.24,0.794999529,5.93E-06,0
Kepler-226 d,1.98,0.077317806,1.22,0.49,0.959667625,1.11E-05,0
Kepler-1222 b,0.418,0.016322648,0.79,0.06,4.230192923,1.35E-05,0
Kepler-1248 b,1.76,0.068726939,1.18,0.155,0.256713409,1.82E-06,0
Kepler-316 c,1.65,0.064431505,1.16,0.12,1.093659928,5.45E-06,0
Kepler-1339 b,0.285,0.011129078,0.71,0.05,5.089441237,1.40E-05,0
Kepler-1601 b,0.477,0.018626562,0.82,0.175,0.60725298,4.15E-06,0
Kepler-1376 b,1.16,0.045297301,1.05,0.15,0.416142401,3.55E-06,0
Kepler-332 b,1.71,0.066774469,1.17,0.08,0.696116053,2.56E-06,0
Kepler-1408 b,0.64,0.024991614,0.89,34.53,2.543861645,2.14E-05,0
Kepler-1560 b,0.64,0.024991614,0.89,0.135,0.988777702,4.26E-06,0
Kepler-444 d,0.2,0.3,0.53,0.0205,0.489863534,9.50E-07,0
YZ Cet d,1.14,0.17,1.05,0.041001867,1.329259686,0.0001199,0
Kepler-1141 b,0.477,0.018626562,0.82,0.1,1.986029553,4.53E-06,0
Kepler-910 b,0.477,0.018626562,0.82,0.035,0.991601535,3.70E-06,0
Kepler-314 b,0.498,0.0194466,0.83,0.12,0.960708135,5.07E-06,0
Kepler-303 c,1.55,0.060526566,1.14,0.09,0.348536619,9.38E-07,0
Kepler-1358 b,1.46,0.05701212,1.12,0.085,0.999713385,4.10E-06,0
Kepler-1328 b,0.904,0.035300655,0.98,0.145,1.562099872,7.55E-06,0
Kepler-403 b,2.1,0.082003734,1.25,0.22,0.64305103,4.66E-06,0
Kepler-887 c,1.51,0.05896459,1.13,0.14,0.920533954,5.97E-06,0
Kepler-186 c,2.1,0.082003734,1.25,0.14,1.051072355,1.66E-06,0
Kepler-1385 b,0.543,0.021203823,0.85,0.165,2.5,1.5,0
Kepler-1618 b,2.13,0.083175216,1.26,0.38,0.472933132,6.96E-06,0
Kepler-1590 b,1.55,0.060526566,1.14,0.245,0.801860657,4.56E-06,0
K2-148 b,2.33,0.090985095,1.33,0.185,1.737612892,0.000317086,0
Kepler-1598 b,0.809,0.031590962,0.95,0.19,1.009672787,6.57E-06,0
Kepler-953 c,1.81,0.070679409,1.19,0.1,0.476630953,1.32E-06,0
Kepler-398 b,0.749,0.029247998,0.93,0.1,2.23198407,6.02E-06,0
Kepler-1393 b,0.437,0.017064587,0.8,0.06,1.670264996,8.41E-06,0
Kepler-1541 b,1.65,0.064431505,1.16,0.09,0.290662983,9.33E-07,0
Kepler-1402 b,0.363,0.014174931,0.76,0.075,4.133437344,2.88E-05,0
Kepler-1464 c,0.972,0.037956014,1,0.165,0.381743894,3.86E-06,0
Kepler-392 b,0.972,0.037956014,1,0.21,0.997381044,1.03E-05,0
Kepler-37 b,3.1783,3.1783,0.336,0.013120597,0.399620642,2.12E-06,0
Kepler-806 b,1.55,0.060526566,1.14,0.285,1.651876611,6.74E-06,0
Kepler-197 b,1.04,0.040611373,1.02,0.04,1.445213662,5.94E-06,0
Kepler-119 c,0.721,0.028154615,0.92,0.35,1.357374107,9.21E-06,0
Kepler-1163 b,1.08,0.042173349,1.03,0.14,0.674271223,3.09E-06,0
Kepler-320 b,1.55,0.060526566,1.14,0.54,0.730792512,1.41E-05,0
Kepler-189 b,1.92,0.074974843,1.21,0.61,0.804962456,6.58E-06,0
Kepler-162 b,2.13,0.083175216,1.26,0.67,1.502924074,1.13E-05,0
Kepler-169 d,2.1,0.082003734,1.25,0.09,0.828904455,4.07E-06,0
Kepler-1434 b,1.41,0.05505965,1.11,0.205,1.036604559,1.15E-05,0
Kepler-381 b,0.937,0.036589285,0.99,0.22,1.430681495,7.12E-06,0
Kepler-1361 b,0.566,0.022101959,0.86,0.12,1.574309321,1.03E-05,0
Kepler-208 d,1.87,0.073022373,1.2,0.23,0.321201787,3.78E-06,0
Kepler-1576 b,1.12,0.043735325,1.04,0.21,1.593734098,1.36E-05,0
Kepler-831 b,2.15,0.083956204,1.27,0.085,1.242492353,2.81E-06,0
Kepler-387 b,1.08,0.042173349,1.03,0.24,0.827715062,1.15E-05,0
Kepler-1293 b,0.871,0.034012025,0.97,0.285,1.217892538,8.79E-06,0
Kepler-192 d,1.04,0.040611373,1.02,0.085,0.861871738,5.75E-06,0
Kepler-107 d,1.24,0.048421252,1.07,0.06,0.813032262,1.06E-05,0
Kepler-395 b,1.08,0.042173349,1.03,0.08,1.128127682,1.12E-05,0
Kepler-804 c,1.55,0.060526566,1.14,0.17,0.730880181,3.80E-06,0
Kepler-163 b,1.16,0.045297301,1.05,0.44,1.235684038,1.69E-05,0
Kepler-388 b,0.457,0.017845575,0.81,0.1,2.461443947,1.40E-05,0
Kepler-1616 b,1.04,0.040611373,1.02,0.31,0.469227903,4.82E-06,0
Kepler-1098 b,2.24,0.08747065,1.3,0.19,2.659319706,1.00E-05,0
Kepler-1311 b,2.07,0.080832252,1.24,0.255,0.2276149,2.83E-06,0
Kepler-1477 b,1.76,0.068726939,1.18,0.09,0.966889583,6.78E-06,0
Kepler-295 b,1.98,0.077317806,1.22,0.64,0.913811811,1.31E-05,0
Kepler-255 d,2.3,0.089813613,1.32,0.12,12.09342957,3.09E-05,0
Kepler-1572 b,0.779,0.03041948,0.94,0.135,0.190269363,1.01E-06,0
Kepler-776 b,2.18,0.085127686,1.28,0.09,1.122171824,4.51E-06,0
Kepler-1412 b,0.498,0.0194466,0.83,0.14,1.354833434,8.02E-06,0
Kepler-1276 b,1.81,0.070679409,1.19,0.155,0.28751212,2.51E-06,0
Kepler-135 c,1.65,0.064431505,1.16,0.23,1.098116006,1.39E-05,0
Kepler-1349 b,0.271,0.010582387,0.7,0.37,5.379427073,2.67E-05,0
Kepler-282 c,1.87,0.073022373,1.2,0.29,0.156043882,5.62E-06,0
Kepler-271 c,0.972,0.037956014,1,0.18,1.840351184,1.22E-05,0
Kepler-821 b,2.27,0.088642132,1.31,0.09,3.854243756,9.66E-06,0
K2-169 b,2.16,0.084346698,1.273,0.092,0.301341184,3.49E-05,0
Kepler-392 c,1.37,0.053497674,1.1,0.23,0.612177949,5.11E-06,0
Kepler-1435 b,0.566,0.022101959,0.86,0.105,2.340468229,1.89E-05,0
Kepler-1169 b,0.779,0.03041948,0.94,0.06,0.728865178,3.35E-06,0
Kepler-271 b,0.64,0.024991614,0.89,0.16,1.171023026,9.65E-06,0
Kepler-173 b,2.21,0.086299168,1.29,0.64,1.223746184,6.03E-06,0
Kepler-310 b,1.81,0.070679409,1.19,0.56,0.306068081,2.37E-06,0
Kepler-1500 b,1.87,0.073022373,1.2,0.185,0.926673869,9.94E-06,0
Kepler-1395 b,0.437,0.017064587,0.8,0.075,3.972041304,2.85E-05,0
Kepler-1370 c,2.15,0.083956204,1.27,0.37,0.50859996,3.69E-06,0
Kepler-130 b,1.04,0.040611373,1.02,0.04,0.879864982,4.06E-06,0
Kepler-197 d,1.98,0.077317806,1.22,0.1,0.539462543,3.30E-06,0
Kepler-1473 b,1.81,0.070679409,1.19,0.085,1.086655377,6.34E-06,0
Kepler-1429 b,2.21,0.086299168,1.29,0.245,3.21689129,3.27E-05,0
K2-136 b,0.937,0.036589285,0.99,0.05,0.562346172,5.65E-05,0
Kepler-1406 b,1.37,0.053497674,1.1,0.155,0.685807209,4.07E-06,0
Kepler-134 c,2.13,0.083175216,1.26,0.25,1.150732801,6.04E-06,0
Kepler-380 c,2.15,0.083956204,1.27,0.28,1.324479646,1.27E-05,0
Kepler-220 b,0.457,0.017845575,0.81,0.05,1.834220674,4.41E-06,0
Kepler-1223 b,1.98,0.077317806,1.22,0.07,0.255183173,1.61E-06,0
Kepler-907 b,1.87,0.073022373,1.2,0.055,1.027419312,4.20E-06,0
Kepler-431 d,1.41,0.05505965,1.11,0.043344831,1.33083528,0.052270486,0
Kepler-353 b,0.64,0.024991614,0.89,0.06,2.057192079,1.95E-05,0
Kepler-282 b,1.01,0.039439891,1.01,0.25,0.628519377,2.32E-05,0
Kepler-1421 b,0.749,0.029247998,0.93,0.155,1.333773425,2.70E-05,0
Kepler-132 c,2.18,0.085127686,1.28,0.25,1.077662335,3.19E-06,0
Kepler-1591 b,2.15,0.083956204,1.27,0.3,0.783735518,7.50E-06,0
Kepler-381 c,1.46,0.05701212,1.12,0.25,0.611206137,5.89E-06,0
Kepler-1637 b,0.64,0.024991614,0.89,0.135,2.191899289,2.33E-05,0
Kepler-507 b,2.24,0.08747065,1.3,0.205,1.71228623,3.39E-06,0
Kepler-1563 b,0.347,0.013550141,0.75,0.1,1.039423296,9.01E-06,0
Kepler-1254 c,2.24,0.08747065,1.3,0.095,0.953322933,5.03E-06,0
Kepler-1235 b,0.418,0.016322648,0.79,0.09,0.865470996,5.80E-06,0
Kepler-1420 b,2.18,0.085127686,1.28,0.13,0.62101596,4.17E-06,0
Kepler-647 b,1.71,0.066774469,1.17,0.125,0.412906508,3.96E-06,0
Kepler-779 b,0.721,0.028154615,0.92,0.07,2.286196947,9.41E-06,0
Kepler-80 g,1.51,0.05896459,1.13,0.14,0.484592773,3.97E-06,0
Kepler-1629 b,0.381,0.01487782,0.77,0.115,3.778570288,2.32E-05,0
Kepler-352 c,2.07,0.080832252,1.24,0.1,0.237308471,3.95E-06,0
Kepler-1542 d,0.59,0.023039144,0.87,0.105,2.725464836,1.03E-05,0
Kepler-85 d,1.87,0.073022373,1.2,0.19,0.334542535,4.97E-06,0
Kepler-1199 b,1.6,0.062479035,1.15,0.185,1.190665578,8.58E-06,0
Kepler-1371 c,0.196,0.007653682,0.64,0.06,7.502056746,3.98E-05,0
Kepler-373 c,2.07,0.080832252,1.24,0.62,0.119898298,1.63E-06,0
Kepler-1575 b,2.27,0.088642132,1.31,0.165,6.551122949,3.35E-05,0
Kepler-124 b,0.315,0.01230056,0.73,0.05,0.748613802,4.61E-06,0
Kepler-783 b,0.399,0.015580709,0.78,0.06,0.794496611,6.35E-06,0
Kepler-1012 b,2.21,0.086299168,1.29,0.07,0.779262056,1.63E-06,0
Kepler-1371 b,0.315,0.01230056,0.73,0.065,1.598455736,9.36E-06,0
Kepler-1365 b,0.721,0.028154615,0.92,0.12,0.447562735,2.75E-06,0
Kepler-1365 c,0.437,0.017064587,0.8,0.1,1.612659858,1.36E-05,0
Kepler-97 b,3.51,1.9,1.48,0.13,1.845900493,0.072500419,0
Kepler-1542 b,0.363,0.014174931,0.76,0.095,0.654651856,2.71E-06,0
Kepler-398 d,0.615,0.024015379,0.88,0.035,0.57813212,1.28E-06,0
Kepler-1611 b,0.457,0.017845575,0.81,0.115,1.3203341,1.49E-05,0
Kepler-398 c,1.01,0.039439891,1.01,0.11,0.453284539,1.87E-06,0
Kepler-617 b,2.3,0.089813613,1.32,0.07,6.786377921,4.48E-06,0
Kepler-235 c,2.18,0.085127686,1.28,0.08,0.21504368,1.51E-06,0
Kepler-157 b,2.3,0.089813613,1.32,0.26,4.516951041,1.56E-05,0
Kepler-141 b,0.257,0.010035695,0.69,0.05,0.557439887,3.95E-06,0
Kepler-81 d,1.92,0.074974843,1.21,0.27,0.149136096,1.30E-06,0
Kepler-1482 b,1.01,0.039439891,1.01,0.105,1.70051668,1.17E-05,0
Kepler-1296 b,0.693,0.027061232,0.91,0.075,1.461575847,1.51E-05,0
Kepler-1512 b,1.76,0.068726939,1.18,0.09,0.411792698,1.19E-06,0
Kepler-1130 b,0.437,0.017064587,0.8,0.095,3.733686802,8.86E-06,0
Kepler-1456 b,1.55,0.060526566,1.14,0.12,0.300648764,3.07E-06,0
Kepler-1445 b,0.84,0.032801494,0.96,0.165,1.710989518,1.50E-05,0
tau Cet g,1.75,0.325,1.18,0.046078289,0.530026126,0.00039752,0
Kepler-332 c,1.32,0.051545204,1.09,0.08,1.250342125,8.44E-06,0
Kepler-295 c,1.71,0.066774469,1.17,0.62,0.7430749,1.16E-05,0
Kepler-167 d,1.83,0.071460397,1.194,0.0485,0.987268444,4.46E-06,0
Kepler-212 b,1.32,0.051545204,1.09,0.21,1.341149932,3.12E-05,0
Kepler-1347 b,1.08,0.042173349,1.03,0.055,1.160470444,5.80E-06,0
Kepler-1574 b,2.21,0.086299168,1.29,0.215,2.017948819,1.75E-05,0
Kepler-1542 c,0.208,0.008122275,0.65,0.075,2.400373724,1.22E-05,0
Kepler-1470 b,1.24,0.048421252,1.07,0.085,0.177490898,2.09E-06,0
Kepler-1076 b,0.437,0.017064587,0.8,0.035,2.65078091,9.11E-06,0
Kepler-42 d,0.13,0.005076422,0.57,0.18,3.29582959,2.47E-05,0
Kepler-1542 e,0.363,0.014174931,0.76,0.09,0.365636422,1.73E-06,0
Kepler-390 b,0.477,0.018626562,0.82,0.07,0.757063066,7.53E-06,0
Kepler-206 d,1.81,0.070679409,1.19,0.24,0.287426635,5.55E-06,0
Kepler-1558 b,0.244,0.009528053,0.68,0.05,6.688956559,3.08E-05,0
Kepler-1581 b,0.437,0.017064587,0.8,0.115,0.557731461,3.77E-06,0
Kepler-450 d,0.514,0.02007139,0.837,0.068,0.83621503,2.56E-05,0
Kepler-354 d,2.07,0.080832252,1.24,0.4,0.310396078,5.17E-06,0
Kepler-1617 b,1.87,0.073022373,1.2,0.265,0.881044875,1.63E-05,0
Kepler-384 b,1.46,0.05701212,1.12,0.32,1.21602393,1.31E-05,0
K2-190 c,1.34,0.052326192,1.093,0.122,1.047419529,0.000243527,0
Kepler-362 b,0.615,0.024015379,0.88,0.38,2.089051461,2.04E-05,0
Kepler-796 b,2.24,0.08747065,1.3,0.29,1.613401933,5.83E-06,0
Kepler-1285 b,0.871,0.034012025,0.97,0.09,0.43258675,3.32E-06,0
Kepler-399 b,0.84,0.032801494,0.96,0.51,1.025750958,1.02E-05,0
Kepler-125 c,0.33,0.012886301,0.74,0.05,2.498116016,2.03E-05,0
Kepler-292 b,2.3,0.089813613,1.32,0.14,2.237447144,1.73E-05,0
Kepler-1623 b,2.27,0.088642132,1.31,0.245,0.591758599,3.66E-06,0
Kepler-352 b,0.566,0.022101959,0.86,0.08,0.433726803,8.37E-06,0
Kepler-393 b,2.21,0.086299168,1.29,0.25,1.095067889,1.14E-05,0
Kepler-1179 b,2.3,0.089813613,1.32,0.085,3.419821376,5.22E-06,0
Kepler-1008 b,2.18,0.085127686,1.28,0.06,0.215852573,4.92E-07,0
Kepler-333 c,1.41,0.05505965,1.11,0.2,0.516406654,4.44E-06,0
Kepler-431 b,0.37,0.014448277,0.764,0.029833739,3.540821696,0.139070907,0
Kepler-387 c,0.64,0.024991614,0.89,0.22,0.574696671,1.60E-05,0
Kepler-1425 b,0.779,0.03041948,0.94,0.16,0.818973459,9.18E-06,0
Kepler-1607 b,0.721,0.028154615,0.92,0.235,1.059114887,1.63E-05,0
Kepler-1193 b,2.3,0.089813613,1.32,0.19,4.817876313,1.54E-05,0
Kepler-383 c,2.07,0.080832252,1.24,0.49,0.090787947,1.03E-06,0
Kepler-1424 b,1.65,0.064431505,1.16,0.14,1.053752819,1.07E-05,0
Kepler-299 b,2.3,0.089813613,1.32,0.27,10.11543547,0.00011404,0
Kepler-1423 b,1.2,0.046859277,1.06,0.08,0.12219085,8.82E-07,0
Kepler-374 d,2.27,0.088642132,1.31,0.7,4.764187479,3.79E-05,0
Kepler-332 d,1.76,0.068726939,1.18,0.08,0.146974354,1.40E-06,0
Kepler-1107 b,2.36,0.092156577,1.34,0.09,59.91108971,4.41E-05,0
Kepler-1417 b,0.972,0.037956014,1,0.155,0.028060142,4.19E-07,0
Kepler-1588 b,0.363,0.014174931,0.76,0.09,2.592648544,3.12E-05,0
Kepler-1570 b,1.24,0.048421252,1.07,0.145,0.295654476,3.39E-06,0
Kepler-1308 b,0.0933,0.003643309,0.52,0.055,12.61629714,2.54E-05,0
Kepler-1254 d,2.27,0.088642132,1.31,0.1,0.367430562,1.87E-06,0
Kepler-124 d,1.41,0.05505965,1.11,0.07,0.185040866,2.16E-06,0
Kepler-388 c,0.566,0.022101959,0.86,0.11,2.327655989,3.24E-05,0
Kepler-271 d,0.219,0.008551818,0.66,0.05,2.532895144,1.96E-05,0
Kepler-186 e,2.15,0.083956204,1.27,0.145,0.234282165,7.63E-07,0
Kepler-217 d,2.3,0.089813613,1.32,0.315,5.764936423,3.32E-05,0
Kepler-1178 b,1.24,0.048421252,1.07,0.07,0.122205046,1.48E-06,0
tau Cet h,1.83,0.47,1.19,0.046468783,0.643722728,0.001172537,0
Kepler-1499 b,1.81,0.070679409,1.19,0.195,1.117853071,1.66E-05,0
K2-102 b,2.24,0.08747065,1.3,0.1,4.45769627,0.000540375,0
Kepler-1298 b,2.27,0.088642132,1.31,0.23,1.391056268,9.49E-06,0
Kepler-444 f,0.332,0.0129644,0.741,0.0405,0.731803247,9.77E-07,0
Kepler-707 b,2.33,0.090985095,1.33,0.095,4.353303938,9.11E-06,0
Kepler-367 c,1.87,0.073022373,1.2,0.16,0.041760912,2.98E-07,0
Kepler-390 c,0.418,0.016322648,0.79,0.08,4.102492094,8.07E-05,0
Kepler-1507 b,0.52,0.020305687,0.84,0.09,0.813677038,7.34E-06,0
Kepler-384 c,1.51,0.05896459,1.13,0.33,0.353941212,6.08E-06,0
Kepler-220 d,0.904,0.035300655,0.98,0.06,1.612532139,9.29E-06,0
Kepler-1028 b,2.33,0.090985095,1.33,0.13,11.18353814,2.20E-05,0
Kepler-1440 b,2.13,0.083175216,1.26,0.185,0.063087227,1.64E-06,0
Kepler-382 b,2.3,0.089813613,1.32,0.63,7.574745328,6.77E-05,0
Kepler-197 e,0.693,0.027061232,0.91,0.04,0.208735204,3.20E-06,0
Kepler-431 c,0.229,0.008942312,0.668,0.026084997,2.896669539,0.113770897,0
Kepler-1436 b,2.27,0.088642132,1.31,0.265,0.896688096,1.51E-05,0
Kepler-1505 b,0.749,0.029247998,0.93,0.05,0.314498426,2.29E-06,0
Kepler-603 d,2.3,0.089813613,1.32,0.19,4.963856405,3.38E-05,0
Kepler-378 b,0.347,0.013550141,0.75,0.15,0.386340401,1.75E-06,0
K2-185 b,2.28,0.089032626,1.313,0.168,1.515766938,0.000245069,0
Kepler-1568 b,2.24,0.08747065,1.3,0.18,0.50735709,6.11E-06,0
Kepler-444 c,0.0793,0.003096617,0.497,0.019,4.603151233,7.14E-06,0
Kepler-1583 b,0.156,0.006091706,0.6,0.07,0.487333647,4.62E-06,0
Kepler-251 b,2.33,0.090985095,1.33,0.24,1.947025289,1.50E-05,0
Kepler-1619 b,0.363,0.014174931,0.76,0.115,0.20281162,4.65E-06,0
Kepler-132 e,1.76,0.068726939,1.18,0.14,0.214192105,1.71E-06,0
Kepler-354 c,2.27,0.088642132,1.31,0.42,6.512597103,8.77E-05,0
Kepler-1605 b,1.28,0.049983228,1.08,0.085,0.197470655,1.42E-06,0
Kepler-144 b,2.33,0.090985095,1.33,0.26,14.57138004,4.95E-05,0
Kepler-286 d,2.33,0.090985095,1.33,0.27,0.995088195,9.09E-06,0
Kepler-1156 b,2.3,0.089813613,1.32,0.115,0.497202271,2.72E-06,0
Kepler-383 b,2.3,0.089813613,1.32,0.52,0.921785084,8.64E-06,0
Kepler-1506 b,2.3,0.089813613,1.32,0.16,0.919590237,1.84E-05,0
KOI-351 i,2.3,0.089813613,1.32,0.21,0.971195159,1.34E-05,0
Kepler-285 b,2.36,0.092156577,1.34,0.58,5.485895833,2.50E-05,0
Kepler-444 b,0.0374,0.001460447,0.403,0.015,0.731608323,1.66E-06,0
Kepler-367 b,2.24,0.08747065,1.3,0.16,0.095201279,7.02E-07,0
Kepler-378 c,0.271,0.010582387,0.7,0.05,2.5,1.5,0
Kepler-1319 b,2.36,0.092156577,1.34,0.4,10.01329604,1.17E-05,0
Kepler-931 b,2.33,0.090985095,1.33,0.115,0.359159134,1.03E-06,0
K2-151 b,2.39,0.093328059,1.35,0.15,2.095519745,1.26E-05,0
Kepler-1587 b,2.33,0.090985095,1.33,0.355,0.407779392,5.97E-06,0
Kepler-1190 b,2.33,0.090985095,1.33,0.08,0.899374259,4.54E-06,0
Kepler-1441 b,2.27,0.088642132,1.31,0.175,0.265159948,3.58E-06,0
K2-233 c,2.34,0.091375589,1.335,0.08,5.585559831,0.000664437,0
Kepler-1224 b,2.33,0.090985095,1.33,0.1,0.529996736,2.90E-06,0
Kepler-444 e,0.1,0.15,0.546,0.016,1.720608001,3.67E-06,0
Kepler-393 c,2.33,0.090985095,1.33,0.31,0.529882208,8.38E-06,0
Kepler-348 c,2.33,0.090985095,1.33,0.25,0.846408954,8.78E-06,0
Kepler-395 c,2.3,0.089813613,1.32,0.09,0.493449305,7.66E-06,0
Kepler-1508 b,2.33,0.090985095,1.33,0.395,1.689841243,4.49E-05,0
Kepler-1532 b,2.39,0.093328059,1.35,0.15,18.93237661,3.74E-05,0
Kepler-191 b,2.36,0.092156577,1.34,0.66,0.110030589,7.31E-07,0
Kepler-1602 b,2.36,0.092156577,1.34,0.405,0.889109133,5.97E-06,0
Kepler-220 e,2.33,0.090985095,1.33,0.12,0.243543583,1.02E-06,0
Kepler-1498 b,2.33,0.090985095,1.33,0.1,0.955283888,1.86E-05,0
Kepler-301 b,2.39,0.093328059,1.35,0.72,19.15502882,9.16E-05,0
K2-219 b,2.38,0.092937565,1.348,0.1915,0.643006526,0.000110182,0
Kepler-1253 b,2.33,0.090985095,1.33,0.18,0.056633803,4.33E-07,0
Kepler-1244 b,2.39,0.093328059,1.35,0.44,18.59636947,8.96E-05,0
Kepler-1631 b,2.39,0.093328059,1.35,0.175,0.904555726,6.73E-06,0
Kepler-935 b,2.39,0.093328059,1.35,0.075,0.839023726,2.55E-06,0
Kepler-1185 b,2.33,0.090985095,1.33,0.065,0.046772877,3.01E-07,0
Kepler-446 d,2.39,0.093328059,1.35,0.22,20.26675057,8.66E-05,0
Kepler-301 c,2.39,0.093328059,1.35,0.72,0.950156172,5.61E-06,0
Kepler-1265 b,2.39,0.093328059,1.35,0.1,0.834413532,3.79E-06,0
Kepler-330 b,2.39,0.093328059,1.35,0.53,0.786269476,7.23E-06,0
Kepler-144 c,2.39,0.093328059,1.35,0.26,2.5,1.5,0
Kepler-1114 b,2.39,0.093328059,1.35,0.075,2.5,1.5,0
HD 20794 c,2.4,0.4,1.35,0.052716686,2.5,1.5,0